{"cameraMode":{"drawMode":0,"name":"Shaded","section":"Shading Mode"},"sceneLighting":true,"audioPlay":false,"sceneViewState":{"showFog":true,"showMaterialUpdate":false,"showSkybox":true,"showFlares":true,"showImageEffects":true,"showParticleSystems":true},"in2DMode":false,"pivot":{"x":7.336943626403809,"y":1.8253288269042969,"z":0.7290724515914917},"rotation":{"x":-0.05558256804943085,"y":0.31017401814460757,"z":-0.01818891614675522,"w":-0.9490077495574951},"size":8.291155815124512,"orthographic":false}